<?xml version="1.0" encoding="UTF-8"?>
<!DOCTYPE hibernate-configuration PUBLIC "-//Hibernate/Hibernate Configuration DTD 3.0//EN" "http://hibernate.sourceforge.net/hibernate-configuration-3.0.dtd">
<hibernate-configuration>
  <session-factory>
    <property name="hibernate.dialect">org.hibernate.dialect.MySQLDialect</property>
    <property name="hibernate.connection.driver_class">com.mysql.jdbc.Driver</property>
    <property name="hibernate.connection.url">jdbc:mysql://127.0.0.1:3306/upMoneyTeste?zeroDateTimeBehavior=convertToNull&amp;useSSL=false&amp;useUnicode=yes&amp;characterEncoding=UTF-8</property>
    <property name="hibernate.connection.username">upmoney</property>
    <property name="hibernate.connection.password">tccupmoney</property>
    <property name="hibernate.show_sql">true</property>
    <mapping class="model.Usuario"/>
    <mapping class="model.Conta"/>
    <mapping class="model.TipoConta"/>
    <mapping class="model.Despesa"/>
    <mapping class="model.CategoriaDespesa"/>
    <mapping class="model.SubCategoria"/>
    <mapping class="model.SubCategoriaPers"/>
    <mapping class="model.CategoriaReceita"/>
  </session-factory>
</hibernate-configuration>
